run_id,mean,median,std,min,max,p10,p90,p99,skew,kurtosis,count,probe,model_tag,quant,ctx,npredict,decoding,temp,repeat_idx,prompt_label,prompt,top_k,top_p,victim_cpu,attacker_cpu
20251206T205353Z-artemisia-v0a56-cache-deepseek_llama8b_q4-q4-c128-n16-g-seed42-r001,23797.773333333334,23340.0,3308.5266714626027,22820,110852,23130.0,23762.0,32766.059999999987,17.407037873426063,387.3631629957603,1500,cache,deepseek_llama8b_q4,q4,128,16,greedy,0.0,1,custom,,,,0,56
20251206T205354Z-artemisia-v0a56-cache-deepseek_llama8b_q4-q4-c128-n16-g-seed42-r002,23884.333333333332,23322.0,3508.2842830405466,22714,107062,23106.0,24984.600000000024,29792.48,17.110517328453216,347.20957632701055,1500,cache,deepseek_llama8b_q4,q4,128,16,greedy,0.0,2,custom,,,,0,56
20251206T205356Z-artemisia-v0a56-cache-deepseek_llama8b_q4-q4-c128-n16-g-seed42-r003,23934.532,23474.0,4083.083105947767,22822,139348,23093.8,23835.600000000002,31765.599999999977,19.109642872194712,469.7701934207003,1500,cache,deepseek_llama8b_q4,q4,128,16,greedy,0.0,3,custom,,,,0,56
20251206T205357Z-artemisia-v0a56-cache-deepseek_llama8b_q4-q4-c128-n64-g-seed42-r001,23879.077333333335,23288.0,3872.620962272344,22558,107348,23116.0,24192.600000000002,32120.119999999977,14.886350995471775,264.92719149839525,1500,cache,deepseek_llama8b_q4,q4,128,64,greedy,0.0,1,custom,,,,0,56
20251206T205359Z-artemisia-v0a56-cache-deepseek_llama8b_q4-q4-c128-n64-g-seed42-r002,23944.002666666667,23386.0,3802.850596122661,22816,113766,23129.8,23983.0,34869.49999999999,15.391617827460994,297.62000857535526,1500,cache,deepseek_llama8b_q4,q4,128,64,greedy,0.0,2,custom,,,,0,56
20251206T205400Z-artemisia-v0a56-cache-deepseek_llama8b_q4-q4-c128-n64-g-seed42-r003,23806.109333333334,23318.0,3282.3943218889954,22774,105672,23117.8,23952.2,32191.439999999988,17.241885666557494,375.06460253069696,1500,cache,deepseek_llama8b_q4,q4,128,64,greedy,0.0,3,custom,,,,0,56
20251206T205402Z-artemisia-v0a56-cache-deepseek_llama8b_q4-q4-c128-n256-g-seed42-r001,23882.041333333334,23372.0,4321.472577310788,22780,128554,23096.0,24246.800000000003,31034.059999999998,18.922131303106156,414.6114049789561,1500,cache,deepseek_llama8b_q4,q4,128,256,greedy,0.0,1,custom,,,,0,56
20251206T205403Z-artemisia-v0a56-cache-deepseek_llama8b_q4-q4-c128-n256-g-seed42-r002,23576.537333333334,23306.0,2123.575012998155,22690,74224,23088.0,23756.0,29080.08,17.00500589151166,341.1081567696111,1500,cache,deepseek_llama8b_q4,q4,128,256,greedy,0.0,2,custom,,,,0,56
20251206T205404Z-artemisia-v0a56-cache-deepseek_llama8b_q4-q4-c128-n256-g-seed42-r003,25290.724,24719.0,5235.244699585081,23174,112716,23561.8,26454.4,47902.18,12.363256534603954,181.47051274232962,1500,cache,deepseek_llama8b_q4,q4,128,256,greedy,0.0,3,custom,,,,0,56
20251206T205406Z-artemisia-v0a56-cache-deepseek_llama8b_q4-q4-c512-n16-g-seed42-r001,39381.609333333334,23309.0,511589.18769242876,22864,19497316,23140.0,24252.800000000003,31865.279999999995,36.99661160910549,1400.3758829238552,1500,cache,deepseek_llama8b_q4,q4,512,16,greedy,0.0,1,custom,,,,0,56
20251206T205407Z-artemisia-v0a56-cache-deepseek_llama8b_q4-q4-c512-n16-g-seed42-r002,23792.598666666665,23456.0,4201.72246982201,22848,142372,23157.8,23750.2,29764.259999999995,21.57735661036546,528.4326367618988,1500,cache,deepseek_llama8b_q4,q4,512,16,greedy,0.0,2,custom,,,,0,56
20251206T205409Z-artemisia-v0a56-cache-deepseek_llama8b_q4-q4-c512-n16-g-seed42-r003,23749.744,23356.0,3953.379652598825,22834,102850,23134.0,23718.4,29508.34,15.65756856300102,267.91844886304364,1500,cache,deepseek_llama8b_q4,q4,512,16,greedy,0.0,3,custom,,,,0,56
20251206T205410Z-artemisia-v0a56-cache-deepseek_llama8b_q4-q4-c512-n64-g-seed42-r001,26435.098666666665,23499.0,103791.64560758359,22752,4041250,23159.8,23860.0,28748.879999999997,38.66312093292598,1496.5043097188318,1500,cache,deepseek_llama8b_q4,q4,512,64,greedy,0.0,1,custom,,,,0,56
20251206T205411Z-artemisia-v0a56-cache-deepseek_llama8b_q4-q4-c512-n64-g-seed42-r002,26650.372,23668.0,73053.09459280517,23038,2845900,23390.0,25515.4,47740.65999999999,38.39868536172313,1482.6490640274267,1500,cache,deepseek_llama8b_q4,q4,512,64,greedy,0.0,2,custom,,,,0,56
20251206T205413Z-artemisia-v0a56-cache-deepseek_llama8b_q4-q4-c512-n64-g-seed42-r003,28132.514666666666,23308.0,155668.5094415576,22774,6051450,23094.0,26206.400000000005,37707.17999999999,38.697581264115755,1498.3257420978393,1500,cache,deepseek_llama8b_q4,q4,512,64,greedy,0.0,3,custom,,,,0,56
20251206T205414Z-artemisia-v0a56-cache-deepseek_llama8b_q4-q4-c512-n256-g-seed42-r001,23661.684,23386.0,2592.484723099382,22694,97502,23135.8,23720.2,29811.079999999998,19.634129197564434,486.88311642599024,1500,cache,deepseek_llama8b_q4,q4,512,256,greedy,0.0,1,custom,,,,0,56
20251206T205416Z-artemisia-v0a56-cache-deepseek_llama8b_q4-q4-c512-n256-g-seed42-r002,23788.665333333334,23382.0,3332.3788605006334,22810,113292,23128.0,23898.0,33188.22,18.607345417469254,432.95773399456397,1500,cache,deepseek_llama8b_q4,q4,512,256,greedy,0.0,2,custom,,,,0,56
20251206T205417Z-artemisia-v0a56-cache-deepseek_llama8b_q4-q4-c512-n256-g-seed42-r003,26776.501333333334,23463.0,97766.54864012872,22830,3756742,23244.0,23978.2,30502.939999999988,37.26764047257124,1417.12927578817,1500,cache,deepseek_llama8b_q4,q4,512,256,greedy,0.0,3,custom,,,,0,56
20251206T205418Z-artemisia-v0a56-cache-deepseek_llama8b_q4-q4-c2048-n16-g-seed42-r001,23778.664,23344.0,2312.472376649252,22778,76526,23118.0,25217.2,29328.8,16.32105772321565,345.2339034463145,1500,cache,deepseek_llama8b_q4,q4,2048,16,greedy,0.0,1,custom,,,,0,56
20251206T205420Z-artemisia-v0a56-cache-deepseek_llama8b_q4-q4-c2048-n16-g-seed42-r002,23901.109333333334,23356.0,3681.5043378360833,22838,112418,23124.0,23924.4,33115.14,17.077180200420713,357.03210873063836,1500,cache,deepseek_llama8b_q4,q4,2048,16,greedy,0.0,2,custom,,,,0,56
20251206T205421Z-artemisia-v0a56-cache-deepseek_llama8b_q4-q4-c2048-n16-g-seed42-r003,23664.793333333335,23320.0,3251.2224395638073,22936,113094,23176.0,23672.0,31032.899999999994,19.883527387435574,479.4088474767553,1500,cache,deepseek_llama8b_q4,q4,2048,16,greedy,0.0,3,custom,,,,0,56
20251206T205423Z-artemisia-v0a56-cache-deepseek_llama8b_q4-q4-c2048-n64-g-seed42-r001,23840.706666666665,23421.0,3744.629680522728,22880,127052,23188.0,23958.2,29676.22,21.023565237587157,507.8609431673385,1500,cache,deepseek_llama8b_q4,q4,2048,64,greedy,0.0,1,custom,,,,0,56
20251206T205424Z-artemisia-v0a56-cache-deepseek_llama8b_q4-q4-c2048-n64-g-seed42-r002,23832.49066666667,23371.0,2804.8441018239478,22778,85778,23125.8,23985.60000000001,31322.759999999995,15.466057774427485,301.7372710648985,1500,cache,deepseek_llama8b_q4,q4,2048,64,greedy,0.0,2,custom,,,,0,56
20251206T205425Z-artemisia-v0a56-cache-deepseek_llama8b_q4-q4-c2048-n64-g-seed42-r003,26629.652,24228.0,52248.544692337666,23114,2037012,23630.0,27345.200000000008,42218.29999999999,38.066808015228965,1465.1104012836913,1500,cache,deepseek_llama8b_q4,q4,2048,64,greedy,0.0,3,custom,,,,0,56
20251206T205427Z-artemisia-v0a56-cache-deepseek_llama8b_q4-q4-c2048-n256-g-seed42-r001,24132.062666666665,23404.0,8044.585602902188,22654,282108,23181.8,24278.200000000004,33442.74,26.231654248666644,775.9712658151735,1500,cache,deepseek_llama8b_q4,q4,2048,256,greedy,0.0,1,custom,,,,0,56
20251206T205428Z-artemisia-v0a56-cache-deepseek_llama8b_q4-q4-c2048-n256-g-seed42-r002,25452.548,23502.0,38271.60072638461,22968,1453822,23232.0,24952.4,37190.75999999999,35.20629716999433,1300.3320875001234,1500,cache,deepseek_llama8b_q4,q4,2048,256,greedy,0.0,2,custom,,,,0,56
20251206T205430Z-artemisia-v0a56-cache-deepseek_llama8b_q4-q4-c2048-n256-g-seed42-r003,23931.574666666667,23416.0,3740.2596033375085,22692,88780,23080.0,23844.2,38237.78,12.143602119824648,181.10731081328962,1500,cache,deepseek_llama8b_q4,q4,2048,256,greedy,0.0,3,custom,,,,0,56
20251206T205431Z-artemisia-v0a56-btb-deepseek_llama8b_q4-q4-c512-n100-g-seed42-r001,1923.5906666666667,1898.0,116.9569253806085,1696,3834,1812.0,2070.0,2244.06,3.8840075198418815,49.200959454098324,1500,btb,deepseek_llama8b_q4,q4,512,100,greedy,0.0,1,custom,,,,0,56
20251206T205433Z-artemisia-v0a56-pht-deepseek_llama8b_q4-q4-c512-n100-g-seed42-r001,3826.806666666667,3798.0,432.07448454599347,3622,15730,3724.0,3894.0,4074.04,20.91891096817754,491.25395744649103,1500,pht,deepseek_llama8b_q4,q4,512,100,greedy,0.0,1,custom,,,,0,56
20251206T205434Z-artemisia-v0a56-btb-deepseek_llama8b_q4-q4-c512-n100-g-seed42-r002,1945.808,1903.0,718.1139335442301,1710,28526,1818.0,2054.0,2226.02,34.486358995381174,1259.9736442587705,1500,btb,deepseek_llama8b_q4,q4,512,100,greedy,0.0,2,custom,,,,0,56
20251206T205435Z-artemisia-v0a56-pht-deepseek_llama8b_q4-q4-c512-n100-g-seed42-r002,3874.4933333333333,3790.0,906.0796754191622,3604,18902,3716.0,3878.0,4378.16,12.355204475923111,164.26026811448264,1500,pht,deepseek_llama8b_q4,q4,512,100,greedy,0.0,2,custom,,,,0,56
20251206T205437Z-artemisia-v0a56-btb-deepseek_llama8b_q4-q4-c512-n100-g-seed42-r003,3258.472,1892.0,51901.599833088425,1718,2012046,1814.0,2050.0,2240.02,38.729099191528015,1499.9620020741359,1500,btb,deepseek_llama8b_q4,q4,512,100,greedy,0.0,3,custom,,,,0,56
20251206T205438Z-artemisia-v0a56-pht-deepseek_llama8b_q4-q4-c512-n100-g-seed42-r003,4014.8586666666665,3939.0,722.6279176933609,3670,20036,3786.0,4180.0,4466.779999999999,14.73605350794633,256.4456437191122,1500,pht,deepseek_llama8b_q4,q4,512,100,greedy,0.0,3,custom,,,,0,56
20251206T205439Z-artemisia-v0a56-btb-deepseek_llama8b_q4-q4-c512-n100-s-seed42-r001,1931.2653333333333,1904.0,266.6349521912724,1678,8790,1818.0,2050.0,2220.04,21.71548577799283,544.4510204726724,1500,btb,deepseek_llama8b_q4,q4,512,100,sample,1.0,1,custom,,40,0.95,0,56
20251206T205441Z-artemisia-v0a56-pht-deepseek_llama8b_q4-q4-c512-n100-s-seed42-r001,3807.916,3796.0,158.60045296211013,3602,9328,3734.0,3886.2000000000003,3986.0,28.485206964792194,982.0165262804773,1500,pht,deepseek_llama8b_q4,q4,512,100,sample,1.0,1,custom,,40,0.95,0,56
20251206T205442Z-artemisia-v0a56-btb-deepseek_llama8b_q4-q4-c512-n100-s-seed42-r002,5968.734666666666,1920.0,155569.84622923602,1612,6027140,1824.0,2116.2000000000003,2378.02,38.729714205046854,1499.9938347130294,1500,btb,deepseek_llama8b_q4,q4,512,100,sample,1.0,2,custom,,40,0.95,0,56
20251206T205444Z-artemisia-v0a56-pht-deepseek_llama8b_q4-q4-c512-n100-s-seed42-r002,3915.3613333333333,3798.0,1783.9856017327274,3618,63450,3730.0,3900.0,4308.44,26.71746944718376,842.9939887870589,1500,pht,deepseek_llama8b_q4,q4,512,100,sample,1.0,2,custom,,40,0.95,0,56
20251206T205445Z-artemisia-v0a56-btb-deepseek_llama8b_q4-q4-c512-n100-s-seed42-r003,1917.5666666666666,1898.0,97.20162718000067,1714,2642,1816.0,2050.0,2224.1,1.3849002820228753,4.0684770282876705,1500,btb,deepseek_llama8b_q4,q4,512,100,sample,1.0,3,custom,,40,0.95,0,56
20251206T205446Z-artemisia-v0a56-pht-deepseek_llama8b_q4-q4-c512-n100-s-seed42-r003,6526.476,3800.0,103706.10325858754,3654,4020310,3728.0,3898.0,4166.0,38.72812869154485,1499.9117741000846,1500,pht,deepseek_llama8b_q4,q4,512,100,sample,1.0,3,custom,,40,0.95,0,56
20251206T205448Z-artemisia-v0a56-pht-deepseek_llama8b_q4-q4-c512-n100-s-seed42-r001,7892.209333333333,3806.0,155736.48110594522,3638,6035432,3734.0,3904.0,4428.12,38.72815520534829,1499.913139541875,1500,pht,deepseek_llama8b_q4,q4,512,100,sample,0.0,1,custom,,40,0.95,0,56
20251206T205449Z-artemisia-v0a56-pht-deepseek_llama8b_q4-q4-c512-n100-s-seed42-r002,3857.812,3804.0,693.1549739184678,3646,24706,3726.0,3908.0,4546.799999999999,21.849239072678056,582.5846853020173,1500,pht,deepseek_llama8b_q4,q4,512,100,sample,0.0,2,custom,,40,0.95,0,56
20251206T205451Z-artemisia-v0a56-pht-deepseek_llama8b_q4-q4-c512-n100-s-seed42-r003,3863.6266666666666,3784.0,1779.707536619286,3628,69774,3712.0,3870.0,4002.02,34.397288470050064,1259.889872900969,1500,pht,deepseek_llama8b_q4,q4,512,100,sample,0.0,3,custom,,40,0.95,0,56
20251206T205452Z-artemisia-v0a56-pht-deepseek_llama8b_q4-q4-c512-n100-s-seed42-r001,3966.2733333333335,3914.0,731.7770906698131,3668,17566,3780.0,4016.0,4466.12,13.402218958238837,198.07890633522445,1500,pht,deepseek_llama8b_q4,q4,512,100,sample,0.5,1,custom,,40,0.95,0,56
20251206T205453Z-artemisia-v0a56-pht-deepseek_llama8b_q4-q4-c512-n100-s-seed42-r002,3832.4306666666666,3818.0,246.85666556751605,3648,12662,3740.0,3912.0,4028.02,30.87710870350698,1094.736898560441,1500,pht,deepseek_llama8b_q4,q4,512,100,sample,0.5,2,custom,,40,0.95,0,56
20251206T205455Z-artemisia-v0a56-pht-deepseek_llama8b_q4-q4-c512-n100-s-seed42-r003,3879.6453333333334,3808.0,849.2473532033156,3638,19430,3730.0,3910.0,4124.48,14.392083819845741,222.59193570697104,1500,pht,deepseek_llama8b_q4,q4,512,100,sample,0.5,3,custom,,40,0.95,0,56
20251206T205456Z-artemisia-v0a56-pht-deepseek_llama8b_q4-q4-c512-n100-s-seed42-r001,3901.7546666666667,3798.0,1083.4555242649617,3624,25526,3724.0,3910.0,4597.779999999999,13.504465371666674,203.69639448137698,1500,pht,deepseek_llama8b_q4,q4,512,100,sample,1.3,1,custom,,40,0.95,0,56
20251206T205457Z-artemisia-v0a56-pht-deepseek_llama8b_q4-q4-c512-n100-s-seed42-r002,3836.932,3819.0,329.30282457972345,3666,11798,3748.0,3906.0,4012.04,21.310983947359382,473.1675360601844,1500,pht,deepseek_llama8b_q4,q4,512,100,sample,1.3,2,custom,,40,0.95,0,56
20251206T205459Z-artemisia-v0a56-pht-deepseek_llama8b_q4-q4-c512-n100-s-seed42-r003,3989.0066666666667,3796.0,2869.005770418737,3640,84044,3726.0,3888.0,5210.51999999999,22.973758421911764,583.6696646712027,1500,pht,deepseek_llama8b_q4,q4,512,100,sample,1.3,3,custom,,40,0.95,0,56
20251206T205500Z-artemisia-v0a56-pht-deepseek_llama8b_q4-q4-c512-n800-s-seed42-r001,4117.668615384616,3778.0,32120.586330517803,3574,4013178,3714.0,3860.0,4000.019999999997,112.28773254595086,13232.737874632392,19500,pht,deepseek_llama8b_q4,q4,512,800,sample,0.9,1,math,Derive ∫₀∞ x⁴ e^(−x²/3) dx and generalize to ∫₀∞ xⁿ e^(−a x²) dx using gamma functions with full symbolic steps.,40,,0,56
20251206T205503Z-artemisia-v0a56-btb-deepseek_llama8b_q4-q4-c512-n800-s-seed42-r001,1937.3431794871794,1880.0,932.1144620153212,1610,98282,1786.0,2076.0,2300.019999999997,71.68055998135155,6504.9881347542605,19500,btb,deepseek_llama8b_q4,q4,512,800,sample,0.9,1,math,Derive ∫₀∞ x⁴ e^(−x²/3) dx and generalize to ∫₀∞ xⁿ e^(−a x²) dx using gamma functions with full symbolic steps.,40,,0,56
20251206T205505Z-artemisia-v0a56-pht-deepseek_llama8b_q4-q4-c512-n800-s-seed42-r002,4132.266666666666,3900.0,28726.38001881821,3648,4014604,3824.0,3982.0,4078.019999999997,139.5650602344257,19485.549928734832,19500,pht,deepseek_llama8b_q4,q4,512,800,sample,0.9,2,math,Derive ∫₀∞ x⁴ e^(−x²/3) dx and generalize to ∫₀∞ xⁿ e^(−a x²) dx using gamma functions with full symbolic steps.,40,,0,56
20251206T205508Z-artemisia-v0a56-btb-deepseek_llama8b_q4-q4-c512-n800-s-seed42-r002,2382.9591794871794,1900.0,49506.8216888785,1664,6589414,1808.0,2084.0,2248.019999999997,124.70701879364333,16239.590682294613,19500,btb,deepseek_llama8b_q4,q4,512,800,sample,0.9,2,math,Derive ∫₀∞ x⁴ e^(−x²/3) dx and generalize to ∫₀∞ xⁿ e^(−a x²) dx using gamma functions with full symbolic steps.,40,,0,56
20251206T205510Z-artemisia-v0a56-pht-deepseek_llama8b_q4-q4-c512-n800-s-seed42-r003,3932.969846153846,3806.0,14449.794588517718,3606,2016204,3732.0,3890.0,3994.0,138.5644929144132,19291.36246448376,19500,pht,deepseek_llama8b_q4,q4,512,800,sample,0.9,3,math,Derive ∫₀∞ x⁴ e^(−x²/3) dx and generalize to ∫₀∞ xⁿ e^(−a x²) dx using gamma functions with full symbolic steps.,40,,0,56
20251206T205513Z-artemisia-v0a56-btb-deepseek_llama8b_q4-q4-c512-n800-s-seed42-r003,1948.0266666666666,1898.0,1426.3404379682634,1628,181906,1806.0,2086.0,2284.0,108.92272212978125,13217.541406794322,19500,btb,deepseek_llama8b_q4,q4,512,800,sample,0.9,3,math,Derive ∫₀∞ x⁴ e^(−x²/3) dx and generalize to ∫₀∞ xⁿ e^(−a x²) dx using gamma functions with full symbolic steps.,40,,0,56
20251206T205515Z-artemisia-v0a56-pht-deepseek_llama8b_q4-q4-c512-n800-s-seed42-r004,4131.493230769231,4130.0,320.88357137456376,3646,22452,4010.0,4224.0,4318.0,24.338641150096947,862.229229659139,19500,pht,deepseek_llama8b_q4,q4,512,800,sample,0.9,4,math,Derive ∫₀∞ x⁴ e^(−x²/3) dx and generalize to ∫₀∞ xⁿ e^(−a x²) dx using gamma functions with full symbolic steps.,40,,0,56
20251206T205517Z-artemisia-v0a56-btb-deepseek_llama8b_q4-q4-c512-n800-s-seed42-r004,1934.4857435897436,1890.0,460.4526624346221,1626,53336,1790.0,2098.0,2276.0,78.50254421675022,8183.266884194708,19500,btb,deepseek_llama8b_q4,q4,512,800,sample,0.9,4,math,Derive ∫₀∞ x⁴ e^(−x²/3) dx and generalize to ∫₀∞ xⁿ e^(−a x²) dx using gamma functions with full symbolic steps.,40,,0,56
20251206T205520Z-artemisia-v0a56-pht-deepseek_llama8b_q4-q4-c512-n800-s-seed42-r005,4972.25641025641,3808.0,91847.35439680849,3586,8015706,3730.0,3912.0,4068.0,82.42023882639168,6873.561687180212,19500,pht,deepseek_llama8b_q4,q4,512,800,sample,0.9,5,math,Derive ∫₀∞ x⁴ e^(−x²/3) dx and generalize to ∫₀∞ xⁿ e^(−a x²) dx using gamma functions with full symbolic steps.,40,,0,56
20251206T205522Z-artemisia-v0a56-btb-deepseek_llama8b_q4-q4-c512-n800-s-seed42-r005,2112.980717948718,1856.0,28855.484064581186,1620,4021366,1716.0,2094.0,2294.0,138.6513274720835,19307.734860142285,19500,btb,deepseek_llama8b_q4,q4,512,800,sample,0.9,5,math,Derive ∫₀∞ x⁴ e^(−x²/3) dx and generalize to ∫₀∞ xⁿ e^(−a x²) dx using gamma functions with full symbolic steps.,40,,0,56
20251206T205525Z-artemisia-v0a56-pht-deepseek_llama8b_q4-q4-c512-n800-s-seed42-r006,5067.928205128205,3808.0,86081.40757681917,3600,6016140,3732.0,3908.0,4058.019999999997,69.80105944203787,4870.874087807145,19500,pht,deepseek_llama8b_q4,q4,512,800,sample,0.9,6,math,Derive ∫₀∞ x⁴ e^(−x²/3) dx and generalize to ∫₀∞ xⁿ e^(−a x²) dx using gamma functions with full symbolic steps.,40,,0,56
20251206T205528Z-artemisia-v0a56-btb-deepseek_llama8b_q4-q4-c512-n800-s-seed42-r006,1941.2802051282051,1904.0,556.3014951012902,1610,61770,1802.0,2096.0,2316.0,78.96984162390086,7685.065917200995,19500,btb,deepseek_llama8b_q4,q4,512,800,sample,0.9,6,math,Derive ∫₀∞ x⁴ e^(−x²/3) dx and generalize to ∫₀∞ xⁿ e^(−a x²) dx using gamma functions with full symbolic steps.,40,,0,56
20251206T205530Z-artemisia-v0a56-pht-deepseek_llama8b_q4-q4-c512-n800-s-seed42-r007,4104.538666666666,3780.0,43069.221923288635,3596,6017970,3716.0,3858.0,3948.0,139.63434908436233,19498.499885362296,19500,pht,deepseek_llama8b_q4,q4,512,800,sample,0.9,7,math,Derive ∫₀∞ x⁴ e^(−x²/3) dx and generalize to ∫₀∞ xⁿ e^(−a x²) dx using gamma functions with full symbolic steps.,40,,0,56
20251206T205533Z-artemisia-v0a56-btb-deepseek_llama8b_q4-q4-c512-n800-s-seed42-r007,1935.1401025641026,1904.0,223.7568570925667,1590,9820,1808.0,2088.0,2268.019999999997,21.7013322584947,635.5115124769643,19500,btb,deepseek_llama8b_q4,q4,512,800,sample,0.9,7,math,Derive ∫₀∞ x⁴ e^(−x²/3) dx and generalize to ∫₀∞ xⁿ e^(−a x²) dx using gamma functions with full symbolic steps.,40,,0,56
20251206T205535Z-artemisia-v0a56-pht-deepseek_llama8b_q4-q4-c512-n800-s-seed42-r008,3799.7258461538463,3780.0,393.1599077746424,3590,39396,3716.0,3860.0,3952.0,50.15901280968793,3769.005632904227,19500,pht,deepseek_llama8b_q4,q4,512,800,sample,0.9,8,math,Derive ∫₀∞ x⁴ e^(−x²/3) dx and generalize to ∫₀∞ xⁿ e^(−a x²) dx using gamma functions with full symbolic steps.,40,,0,56
20251206T205537Z-artemisia-v0a56-btb-deepseek_llama8b_q4-q4-c512-n800-s-seed42-r008,1935.0716923076923,1894.0,591.0844412143517,1628,67102,1794.0,2084.0,2248.0,85.383450488723,8634.70518724726,19500,btb,deepseek_llama8b_q4,q4,512,800,sample,0.9,8,math,Derive ∫₀∞ x⁴ e^(−x²/3) dx and generalize to ∫₀∞ xⁿ e^(−a x²) dx using gamma functions with full symbolic steps.,40,,0,56
20251206T205540Z-artemisia-v0a56-pht-deepseek_llama8b_q4-q4-c512-n800-s-seed42-r009,4138.877333333333,3806.0,43049.16886000613,3616,6015090,3732.0,3908.0,4078.0,139.6264122107708,19497.01695302352,19500,pht,deepseek_llama8b_q4,q4,512,800,sample,0.9,9,math,Derive ∫₀∞ x⁴ e^(−x²/3) dx and generalize to ∫₀∞ xⁿ e^(−a x²) dx using gamma functions with full symbolic steps.,40,,0,56
20251206T205543Z-artemisia-v0a56-btb-deepseek_llama8b_q4-q4-c512-n800-s-seed42-r009,2154.6944615384614,1914.0,20441.876349198254,1602,2025312,1812.0,2094.0,2274.0,98.63139589148079,9733.814595009582,19500,btb,deepseek_llama8b_q4,q4,512,800,sample,0.9,9,math,Derive ∫₀∞ x⁴ e^(−x²/3) dx and generalize to ∫₀∞ xⁿ e^(−a x²) dx using gamma functions with full symbolic steps.,40,,0,56
20251206T205545Z-artemisia-v0a56-pht-deepseek_llama8b_q4-q4-c512-n800-s-seed42-r010,3925.1781538461537,3794.0,14399.980833450752,3622,2013564,3724.0,3890.0,4048.0,139.4136924315895,19457.130574310755,19500,pht,deepseek_llama8b_q4,q4,512,800,sample,0.9,10,math,Derive ∫₀∞ x⁴ e^(−x²/3) dx and generalize to ∫₀∞ xⁿ e^(−a x²) dx using gamma functions with full symbolic steps.,40,,0,56
20251206T205548Z-artemisia-v0a56-btb-deepseek_llama8b_q4-q4-c512-n800-s-seed42-r010,2243.492307692308,1896.0,43068.296631097764,1626,6015984,1802.0,2090.0,2248.019999999997,139.6346459281776,19498.554978766704,19500,btb,deepseek_llama8b_q4,q4,512,800,sample,0.9,10,math,Derive ∫₀∞ x⁴ e^(−x²/3) dx and generalize to ∫₀∞ xⁿ e^(−a x²) dx using gamma functions with full symbolic steps.,40,,0,56
20251206T205550Z-artemisia-v0a56-pht-deepseek_llama8b_q4-q4-c512-n800-s-seed42-r001,4075.7836923076925,3976.0,14405.488072540753,3622,2015114,3798.0,4078.0,4174.0,139.54360053229934,19481.56324239599,19500,pht,deepseek_llama8b_q4,q4,512,800,sample,0.9,1,nl,Write a detailed vivid emotional 200-word story about an explorer in a distorted time forest.,40,,0,56
20251206T205552Z-artemisia-v0a56-btb-deepseek_llama8b_q4-q4-c512-n800-s-seed42-r001,2042.0607179487179,1912.0,10523.77203380928,1656,1409418,1820.0,2092.0,2266.0,125.62512703276957,16516.595642039032,19500,btb,deepseek_llama8b_q4,q4,512,800,sample,0.9,1,nl,Write a detailed vivid emotional 200-word story about an explorer in a distorted time forest.,40,,0,56
20251206T205555Z-artemisia-v0a56-pht-deepseek_llama8b_q4-q4-c512-n800-s-seed42-r002,3911.1846153846154,3786.0,14401.88723652947,3612,2013722,3722.0,3870.0,3974.0,139.39583020630855,19453.497156070738,19500,pht,deepseek_llama8b_q4,q4,512,800,sample,0.9,2,nl,Write a detailed vivid emotional 200-word story about an explorer in a distorted time forest.,40,,0,56
20251206T205558Z-artemisia-v0a56-btb-deepseek_llama8b_q4-q4-c512-n800-s-seed42-r002,1943.779076923077,1912.0,475.2753954134143,1612,56964,1822.0,2076.0,2302.0,83.98725923988101,9290.81486526156,19500,btb,deepseek_llama8b_q4,q4,512,800,sample,0.9,2,nl,Write a detailed vivid emotional 200-word story about an explorer in a distorted time forest.,40,,0,56
20251206T205600Z-artemisia-v0a56-pht-deepseek_llama8b_q4-q4-c512-n800-s-seed42-r003,4005.7186666666666,3776.0,28718.332048180404,3596,4013528,3716.0,3854.0,3968.0,139.58329560939026,19488.93580962828,19500,pht,deepseek_llama8b_q4,q4,512,800,sample,0.9,3,nl,Write a detailed vivid emotional 200-word story about an explorer in a distorted time forest.,40,,0,56
20251206T205603Z-artemisia-v0a56-btb-deepseek_llama8b_q4-q4-c512-n800-s-seed42-r003,2137.670769230769,1900.0,28731.756935655434,1650,4013960,1798.0,2082.0,2248.0,139.62743761558096,19497.21126517628,19500,btb,deepseek_llama8b_q4,q4,512,800,sample,0.9,3,nl,Write a detailed vivid emotional 200-word story about an explorer in a distorted time forest.,40,,0,56
20251206T205605Z-artemisia-v0a56-pht-deepseek_llama8b_q4-q4-c512-n800-s-seed42-r004,3832.6718974358973,3808.0,497.1313092976795,3604,40318,3732.0,3906.0,4038.0,47.1176297435298,2890.9379766677785,19500,pht,deepseek_llama8b_q4,q4,512,800,sample,0.9,4,nl,Write a detailed vivid emotional 200-word story about an explorer in a distorted time forest.,40,,0,56
20251206T205608Z-artemisia-v0a56-btb-deepseek_llama8b_q4-q4-c512-n800-s-seed42-r004,1939.3099487179488,1898.0,325.98231784211504,1352,15826,1802.0,2086.0,2252.0,26.65297555833511,896.118495549175,19500,btb,deepseek_llama8b_q4,q4,512,800,sample,0.9,4,nl,Write a detailed vivid emotional 200-word story about an explorer in a distorted time forest.,40,,0,56
20251206T205610Z-artemisia-v0a56-pht-deepseek_llama8b_q4-q4-c512-n800-s-seed42-r005,4012.044512820513,3812.0,11131.977488953766,3614,830908,3734.0,3908.0,4016.0,68.56644634929144,4769.865244718283,19500,pht,deepseek_llama8b_q4,q4,512,800,sample,0.9,5,nl,Write a detailed vivid emotional 200-word story about an explorer in a distorted time forest.,40,,0,56
20251206T205613Z-artemisia-v0a56-btb-deepseek_llama8b_q4-q4-c512-n800-s-seed42-r005,2036.7695384615386,1902.0,14402.741268345093,1346,2012918,1806.0,2084.0,2248.019999999997,139.59063351461597,19490.34337596611,19500,btb,deepseek_llama8b_q4,q4,512,800,sample,0.9,5,nl,Write a detailed vivid emotional 200-word story about an explorer in a distorted time forest.,40,,0,56
20251206T205615Z-artemisia-v0a56-pht-deepseek_llama8b_q4-q4-c512-n800-s-seed42-r006,3868.9615384615386,3840.0,461.8910293552058,3610,42784,3744.0,3980.0,4198.0,58.577364605369276,4518.213920998602,19500,pht,deepseek_llama8b_q4,q4,512,800,sample,0.9,6,nl,Write a detailed vivid emotional 200-word story about an explorer in a distorted time forest.,40,,0,56
20251206T205618Z-artemisia-v0a56-btb-deepseek_llama8b_q4-q4-c512-n800-s-seed42-r006,2236.6949743589744,1894.0,43046.71138528864,1648,6012890,1792.0,2084.0,2270.0,139.6295652628387,19497.605065410866,19500,btb,deepseek_llama8b_q4,q4,512,800,sample,0.9,6,nl,Write a detailed vivid emotional 200-word story about an explorer in a distorted time forest.,40,,0,56
20251206T205621Z-artemisia-v0a56-pht-deepseek_llama8b_q4-q4-c512-n800-s-seed42-r007,3809.5331282051284,3778.0,1308.5496694145602,3600,177934,3714.0,3856.0,3966.0,121.9527146730168,16102.265138380651,19500,pht,deepseek_llama8b_q4,q4,512,800,sample,0.9,7,nl,Write a detailed vivid emotional 200-word story about an explorer in a distorted time forest.,40,,0,56
20251206T205623Z-artemisia-v0a56-btb-deepseek_llama8b_q4-q4-c512-n800-s-seed42-r007,1934.5067692307691,1900.0,237.30591899494055,1620,10080,1806.0,2084.0,2258.0,21.495562576229702,609.6434736202581,19500,btb,deepseek_llama8b_q4,q4,512,800,sample,0.9,7,nl,Write a detailed vivid emotional 200-word story about an explorer in a distorted time forest.,40,,0,56
20251206T205626Z-artemisia-v0a56-pht-deepseek_llama8b_q4-q4-c512-n800-s-seed42-r008,3797.896205128205,3778.0,315.85165880314,3606,21094,3714.0,3858.0,3958.0,26.75751093047083,913.7242501888649,19500,pht,deepseek_llama8b_q4,q4,512,800,sample,0.9,8,nl,Write a detailed vivid emotional 200-word story about an explorer in a distorted time forest.,40,,0,56
20251206T205628Z-artemisia-v0a56-btb-deepseek_llama8b_q4-q4-c512-n800-s-seed42-r008,1953.2775384615384,1898.0,2921.789133949746,1360,408170,1800.0,2092.0,2266.0,137.86488956015674,19164.28207673465,19500,btb,deepseek_llama8b_q4,q4,512,800,sample,0.9,8,nl,Write a detailed vivid emotional 200-word story about an explorer in a distorted time forest.,40,,0,56
20251206T205630Z-artemisia-v0a56-pht-deepseek_llama8b_q4-q4-c512-n800-s-seed42-r009,3833.182974358974,3814.0,376.4437455873725,3628,38720,3740.0,3906.0,4018.0,50.78455846116843,3982.82892672708,19500,pht,deepseek_llama8b_q4,q4,512,800,sample,0.9,9,nl,Write a detailed vivid emotional 200-word story about an explorer in a distorted time forest.,40,,0,56
20251206T205633Z-artemisia-v0a56-btb-deepseek_llama8b_q4-q4-c512-n800-s-seed42-r009,1957.5774358974359,1920.0,621.0739682173294,1612,83232,1830.0,2102.0,2258.0,115.81755059075077,15050.178735599939,19500,btb,deepseek_llama8b_q4,q4,512,800,sample,0.9,9,nl,Write a detailed vivid emotional 200-word story about an explorer in a distorted time forest.,40,,0,56
20251206T205635Z-artemisia-v0a56-pht-deepseek_llama8b_q4-q4-c512-n800-s-seed42-r010,3912.6111794871795,3808.0,5955.294404707371,3616,523994,3730.0,3906.0,4036.0,79.49305343507024,6451.965693827494,19500,pht,deepseek_llama8b_q4,q4,512,800,sample,0.9,10,nl,Write a detailed vivid emotional 200-word story about an explorer in a distorted time forest.,40,,0,56
20251206T205638Z-artemisia-v0a56-btb-deepseek_llama8b_q4-q4-c512-n800-s-seed42-r010,1933.4866666666667,1906.0,240.76066712073,1620,21736,1810.0,2080.0,2280.0,40.69544263748749,2683.0359479119534,19500,btb,deepseek_llama8b_q4,q4,512,800,sample,0.9,10,nl,Write a detailed vivid emotional 200-word story about an explorer in a distorted time forest.,40,,0,56
20251206T205640Z-artemisia-v0a56-pht-deepseek_llama8b_q4-q4-c512-n800-s-seed42-r001,3822.0342564102566,3796.0,682.977900754823,3606,84038,3726.0,3890.2000000000044,4014.0,89.09287601239477,9942.620790412118,19500,pht,deepseek_llama8b_q4,q4,512,800,sample,0.9,1,code,"Write a full multi-threaded C++ task scheduler using work-stealing deques, condition variables, and error handling.",40,,0,56
20251206T205643Z-artemisia-v0a56-btb-deepseek_llama8b_q4-q4-c512-n800-s-seed42-r001,2149.499282051282,1900.0,28749.609277652373,1356,4016028,1808.0,2086.0,2262.0,139.58208278806035,19488.730302073785,19500,btb,deepseek_llama8b_q4,q4,512,800,sample,0.9,1,code,"Write a full multi-threaded C++ task scheduler using work-stealing deques, condition variables, and error handling.",40,,0,56
20251206T205645Z-artemisia-v0a56-pht-deepseek_llama8b_q4-q4-c512-n800-s-seed42-r002,4166.602564102564,3788.0,30237.66639250537,3610,4014322,3720.0,3878.0,4012.0,121.68546069368931,15911.248327595618,19500,pht,deepseek_llama8b_q4,q4,512,800,sample,0.9,2,code,"Write a full multi-threaded C++ task scheduler using work-stealing deques, condition variables, and error handling.",40,,0,56
20251206T205648Z-artemisia-v0a56-btb-deepseek_llama8b_q4-q4-c512-n800-s-seed42-r002,1937.376,1902.0,297.29234769042074,1620,20670,1804.0,2092.0,2314.0,28.108349721900435,1198.8127553876984,19500,btb,deepseek_llama8b_q4,q4,512,800,sample,0.9,2,code,"Write a full multi-threaded C++ task scheduler using work-stealing deques, condition variables, and error handling.",40,,0,56
20251206T205650Z-artemisia-v0a56-pht-deepseek_llama8b_q4-q4-c512-n800-s-seed42-r003,4091.941641025641,3800.0,29757.69460077685,3610,4100306,3726.0,3892.0,4004.0,134.15643772400793,18420.64551468349,19500,pht,deepseek_llama8b_q4,q4,512,800,sample,0.9,3,code,"Write a full multi-threaded C++ task scheduler using work-stealing deques, condition variables, and error handling.",40,,0,56
20251206T205653Z-artemisia-v0a56-btb-deepseek_llama8b_q4-q4-c512-n800-s-seed42-r003,2239.713641025641,1904.0,29439.068370846224,1354,4016290,1816.0,2078.0,2278.0,130.72107338946645,17740.030941585163,19500,btb,deepseek_llama8b_q4,q4,512,800,sample,0.9,3,code,"Write a full multi-threaded C++ task scheduler using work-stealing deques, condition variables, and error handling.",40,,0,56
20251206T205655Z-artemisia-v0a56-pht-deepseek_llama8b_q4-q4-c512-n800-s-seed42-r004,4206.350461538462,3868.0,43120.465493620875,3618,6024684,3776.0,3962.0,4120.0,139.596690218428,19491.464967389227,19500,pht,deepseek_llama8b_q4,q4,512,800,sample,0.9,4,code,"Write a full multi-threaded C++ task scheduler using work-stealing deques, condition variables, and error handling.",40,,0,56
20251206T205658Z-artemisia-v0a56-btb-deepseek_llama8b_q4-q4-c512-n800-s-seed42-r004,1934.1048205128204,1896.0,609.4368015850837,1496,78468,1802.0,2078.0,2238.019999999997,103.87578002236502,12793.610924012826,19500,btb,deepseek_llama8b_q4,q4,512,800,sample,0.9,4,code,"Write a full multi-threaded C++ task scheduler using work-stealing deques, condition variables, and error handling.",40,,0,56
20251206T205700Z-artemisia-v0a56-pht-deepseek_llama8b_q4-q4-c512-n800-s-seed42-r005,4030.9995897435897,3798.0,28765.422692066826,3620,4019786,3726.0,3892.0,4034.0,139.54806833335553,19482.30087839381,19500,pht,deepseek_llama8b_q4,q4,512,800,sample,0.9,5,code,"Write a full multi-threaded C++ task scheduler using work-stealing deques, condition variables, and error handling.",40,,0,56
20251206T205703Z-artemisia-v0a56-btb-deepseek_llama8b_q4-q4-c512-n800-s-seed42-r005,1933.051282051282,1896.0,417.797232333955,1612,48634,1804.0,2080.0,2280.0,77.15168812944353,8124.16638617781,19500,btb,deepseek_llama8b_q4,q4,512,800,sample,0.9,5,code,"Write a full multi-threaded C++ task scheduler using work-stealing deques, condition variables, and error handling.",40,,0,56
20251206T205705Z-artemisia-v0a56-pht-deepseek_llama8b_q4-q4-c512-n800-s-seed42-r006,4035.113230769231,3804.0,28751.79275122253,3608,4018050,3730.0,3896.0,4022.019999999997,139.5647108422121,19485.458934524406,19500,pht,deepseek_llama8b_q4,q4,512,800,sample,0.9,6,code,"Write a full multi-threaded C++ task scheduler using work-stealing deques, condition variables, and error handling.",40,,0,56
20251206T205708Z-artemisia-v0a56-btb-deepseek_llama8b_q4-q4-c512-n800-s-seed42-r006,2137.844205128205,1892.0,28759.854431418637,1684,4017508,1796.0,2086.0,2254.0,139.58865608985883,19489.920693820997,19500,btb,deepseek_llama8b_q4,q4,512,800,sample,0.9,6,code,"Write a full multi-threaded C++ task scheduler using work-stealing deques, condition variables, and error handling.",40,,0,56
20251206T205710Z-artemisia-v0a56-pht-deepseek_llama8b_q4-q4-c512-n800-s-seed42-r007,3798.26,3778.0,288.433771613538,3606,12122,3716.0,3856.0,3968.0,20.100481940882215,440.88342664159535,19500,pht,deepseek_llama8b_q4,q4,512,800,sample,0.9,7,code,"Write a full multi-threaded C++ task scheduler using work-stealing deques, condition variables, and error handling.",40,,0,56
20251206T205713Z-artemisia-v0a56-btb-deepseek_llama8b_q4-q4-c512-n800-s-seed42-r007,1957.2688205128204,1928.0,267.2681099940079,1632,18600,1834.0,2096.0,2296.0,28.285008378914764,1170.294182749979,19500,btb,deepseek_llama8b_q4,q4,512,800,sample,0.9,7,code,"Write a full multi-threaded C++ task scheduler using work-stealing deques, condition variables, and error handling.",40,,0,56
20251206T205715Z-artemisia-v0a56-pht-deepseek_llama8b_q4-q4-c512-n800-s-seed42-r008,3853.802153846154,3824.0,534.0504830947577,3624,55108,3736.0,3944.0,4086.0,57.37591027032454,4785.655058020719,19500,pht,deepseek_llama8b_q4,q4,512,800,sample,0.9,8,code,"Write a full multi-threaded C++ task scheduler using work-stealing deques, condition variables, and error handling.",40,,0,56
20251206T205718Z-artemisia-v0a56-btb-deepseek_llama8b_q4-q4-c512-n800-s-seed42-r008,2139.603692307692,1900.0,28752.398701401078,1608,4016868,1808.0,2082.0,2276.0,139.62992221501892,19497.674687494833,19500,btb,deepseek_llama8b_q4,q4,512,800,sample,0.9,8,code,"Write a full multi-threaded C++ task scheduler using work-stealing deques, condition variables, and error handling.",40,,0,56
20251206T205720Z-artemisia-v0a56-pht-deepseek_llama8b_q4-q4-c512-n800-s-seed42-r009,4004.066871794872,3780.0,28711.549916515938,3624,4012902,3716.0,3860.0,3948.0,139.61670953402177,19495.20957695439,19500,pht,deepseek_llama8b_q4,q4,512,800,sample,0.9,9,code,"Write a full multi-threaded C++ task scheduler using work-stealing deques, condition variables, and error handling.",40,,0,56
20251206T205723Z-artemisia-v0a56-btb-deepseek_llama8b_q4-q4-c512-n800-s-seed42-r009,2142.4396923076924,1900.0,28711.903315154403,1616,4011164,1812.0,2086.0,2296.0,139.62445285981607,19496.654767006603,19500,btb,deepseek_llama8b_q4,q4,512,800,sample,0.9,9,code,"Write a full multi-threaded C++ task scheduler using work-stealing deques, condition variables, and error handling.",40,,0,56
20251206T205725Z-artemisia-v0a56-pht-deepseek_llama8b_q4-q4-c512-n800-s-seed42-r010,3811.6041025641025,3788.0,620.2576876928649,3578,69160,3720.0,3876.0,3996.0,74.04284788721128,6936.867830031808,19500,pht,deepseek_llama8b_q4,q4,512,800,sample,0.9,10,code,"Write a full multi-threaded C++ task scheduler using work-stealing deques, condition variables, and error handling.",40,,0,56
20251206T205728Z-artemisia-v0a56-btb-deepseek_llama8b_q4-q4-c512-n800-s-seed42-r010,1946.9885128205128,1916.0,247.4500561840636,1622,20454,1816.0,2098.0,2294.019999999997,34.68716161506597,1964.168607319293,19500,btb,deepseek_llama8b_q4,q4,512,800,sample,0.9,10,code,"Write a full multi-threaded C++ task scheduler using work-stealing deques, condition variables, and error handling.",40,,0,56
20251206T211247Z-artemisia-v0a56-cache-deepseek_llama8b_q4-q4-c128-n16-g-seed42-r001,23855.301333333333,23374.0,3066.466449001755,22602,119614,23153.8,25010.800000000003,30243.539999999997,21.975740180380967,645.0770072436698,1500,cache,deepseek_llama8b_q4,q4,128,16,greedy,0.0,1,custom,,,,0,56
20251206T211248Z-artemisia-v0a56-cache-deepseek_llama8b_q4-q4-c128-n16-g-seed42-r002,23510.354666666666,23276.0,1094.2300107484289,22696,45716,23075.8,23722.0,28913.499999999996,9.361255019848379,138.815800080333,1500,cache,deepseek_llama8b_q4,q4,128,16,greedy,0.0,2,custom,,,,0,56
20251206T211250Z-artemisia-v0a56-cache-deepseek_llama8b_q4-q4-c128-n16-g-seed42-r003,23609.517333333333,23276.0,3138.8407341675065,22728,111396,23049.8,23760.0,29199.999999999996,20.824461917424504,504.3753542503924,1500,cache,deepseek_llama8b_q4,q4,128,16,greedy,0.0,3,custom,,,,0,56
20251206T211251Z-artemisia-v0a56-cache-deepseek_llama8b_q4-q4-c128-n64-g-seed42-r001,23606.450666666668,23294.0,3274.656155413932,22696,128748,23024.0,23810.200000000004,29238.919999999995,24.590648209216962,733.5304489259885,1500,cache,deepseek_llama8b_q4,q4,128,64,greedy,0.0,1,custom,,,,0,56
20251206T211253Z-artemisia-v0a56-cache-deepseek_llama8b_q4-q4-c128-n64-g-seed42-r002,25808.534666666666,24312.0,13690.414116304697,22812,418320,23503.8,26238.2,46797.81999999999,19.892702055577324,494.2396598215725,1500,cache,deepseek_llama8b_q4,q4,128,64,greedy,0.0,2,custom,,,,0,56
20251206T211254Z-artemisia-v0a56-cache-deepseek_llama8b_q4-q4-c128-n64-g-seed42-r003,23543.221333333335,23362.0,1154.5068721132518,22732,48198,23084.0,23742.2,29484.239999999998,10.292441871708638,163.51642662442526,1500,cache,deepseek_llama8b_q4,q4,128,64,greedy,0.0,3,custom,,,,0,56
20251206T211255Z-artemisia-v0a56-cache-deepseek_llama8b_q4-q4-c128-n256-g-seed42-r001,23519.436,23328.0,1880.6912059609324,22684,79168,23064.0,23622.0,28966.039999999997,21.049824175682616,559.8183598343444,1500,cache,deepseek_llama8b_q4,q4,128,256,greedy,0.0,1,custom,,,,0,56
20251206T211257Z-artemisia-v0a56-cache-deepseek_llama8b_q4-q4-c128-n256-g-seed42-r002,26861.986666666668,23526.0,107165.53703816174,23044,4171926,23229.8,25060.2,29984.98,38.65583841024978,1496.130899468024,1500,cache,deepseek_llama8b_q4,q4,128,256,greedy,0.0,2,custom,,,,0,56
20251206T211258Z-artemisia-v0a56-cache-deepseek_llama8b_q4-q4-c128-n256-g-seed42-r003,23663.345333333335,23388.0,2051.397145909352,22678,82026,23156.0,23958.0,29924.519999999997,18.621105580125615,467.78696888807815,1500,cache,deepseek_llama8b_q4,q4,128,256,greedy,0.0,3,custom,,,,0,56
20251206T211300Z-artemisia-v0a56-cache-deepseek_llama8b_q4-q4-c512-n16-g-seed42-r001,23803.276,23278.0,1681.4480928503158,22720,61438,23068.0,26093.2,29362.34,9.281219908710522,172.9902160960094,1500,cache,deepseek_llama8b_q4,q4,512,16,greedy,0.0,1,custom,,,,0,56
20251206T211301Z-artemisia-v0a56-cache-deepseek_llama8b_q4-q4-c512-n16-g-seed42-r002,23604.670666666665,23270.0,1827.408086083019,22660,73400,23054.0,24220.600000000002,29326.64,16.257855766629927,391.7628397718067,1500,cache,deepseek_llama8b_q4,q4,512,16,greedy,0.0,2,custom,,,,0,56
20251206T211302Z-artemisia-v0a56-cache-deepseek_llama8b_q4-q4-c512-n16-g-seed42-r003,25088.582666666665,23325.0,52313.08548014358,22846,2047092,23068.0,24084.2,30482.06,38.57695223462908,1491.9362577339132,1500,cache,deepseek_llama8b_q4,q4,512,16,greedy,0.0,3,custom,,,,0,56
20251206T211304Z-artemisia-v0a56-cache-deepseek_llama8b_q4-q4-c512-n64-g-seed42-r001,24474.054666666667,23478.0,9053.204144124607,22878,279744,23289.8,25380.2,32010.339999999997,21.066873194656427,509.7844198346535,1500,cache,deepseek_llama8b_q4,q4,512,64,greedy,0.0,1,custom,,,,0,56
20251206T211305Z-artemisia-v0a56-cache-deepseek_llama8b_q4-q4-c512-n64-g-seed42-r002,23670.436,23383.0,3335.8145065613953,22806,113914,23170.0,23786.2,29561.839999999997,22.24233608311282,545.5003401435009,1500,cache,deepseek_llama8b_q4,q4,512,64,greedy,0.0,2,custom,,,,0,56
20251206T211306Z-artemisia-v0a56-cache-deepseek_llama8b_q4-q4-c512-n64-g-seed42-r003,23626.132,23258.0,2061.3713425251294,22770,87296,23072.0,23986.4,28312.899999999998,21.527471930461274,625.152908158897,1500,cache,deepseek_llama8b_q4,q4,512,64,greedy,0.0,3,custom,,,,0,56
20251206T211308Z-artemisia-v0a56-cache-deepseek_llama8b_q4-q4-c512-n256-g-seed42-r001,23794.34,23350.0,2294.871149933377,22690,75982,23066.0,25544.4,28580.7,16.29450083242163,343.22773790478124,1500,cache,deepseek_llama8b_q4,q4,512,256,greedy,0.0,1,custom,,,,0,56
20251206T211309Z-artemisia-v0a56-cache-deepseek_llama8b_q4-q4-c512-n256-g-seed42-r002,24200.744,23485.0,3061.1661965312874,22810,120892,23174.0,25574.0,29558.32,22.598701008524962,677.4474816013294,1500,cache,deepseek_llama8b_q4,q4,512,256,greedy,0.0,2,custom,,,,0,56
20251206T211311Z-artemisia-v0a56-cache-deepseek_llama8b_q4-q4-c512-n256-g-seed42-r003,24546.116,23592.0,6923.939555040324,23034,221714,23234.0,25492.800000000003,30247.899999999998,21.156492245876834,525.0860653152868,1500,cache,deepseek_llama8b_q4,q4,512,256,greedy,0.0,3,custom,,,,0,56
20251206T211312Z-artemisia-v0a56-cache-deepseek_llama8b_q4-q4-c2048-n16-g-seed42-r001,24484.99066666667,23662.0,3402.3749461362436,22754,105114,23269.8,25660.4,32348.42,13.954700237088474,263.2338601598594,1500,cache,deepseek_llama8b_q4,q4,2048,16,greedy,0.0,1,custom,,,,0,56
20251206T211313Z-artemisia-v0a56-cache-deepseek_llama8b_q4-q4-c2048-n16-g-seed42-r002,27676.856,24696.0,28141.51209284684,23078,640232,23568.0,30949.4,33282.87999999999,17.838066808921134,336.23113709277806,1500,cache,deepseek_llama8b_q4,q4,2048,16,greedy,0.0,2,custom,,,,0,56
20251206T211315Z-artemisia-v0a56-cache-deepseek_llama8b_q4-q4-c2048-n16-g-seed42-r003,24378.714666666667,23509.0,6114.434247147752,22610,194742,23164.0,25478.0,30680.02,25.03245289885495,665.2252844089141,1500,cache,deepseek_llama8b_q4,q4,2048,16,greedy,0.0,3,custom,,,,0,56
20251206T211316Z-artemisia-v0a56-cache-deepseek_llama8b_q4-q4-c2048-n64-g-seed42-r001,24085.426666666666,23452.0,4303.53985909678,22984,166918,23238.0,25304.600000000002,30409.18,26.145166571862067,825.44860237707,1500,cache,deepseek_llama8b_q4,q4,2048,64,greedy,0.0,1,custom,,,,0,56
20251206T211318Z-artemisia-v0a56-cache-deepseek_llama8b_q4-q4-c2048-n64-g-seed42-r002,24240.46,23461.0,3750.696623985572,22800,105690,23232.0,24958.2,30462.3,16.066715387115522,306.61688715330376,1500,cache,deepseek_llama8b_q4,q4,2048,64,greedy,0.0,2,custom,,,,0,56
20251206T211319Z-artemisia-v0a56-cache-deepseek_llama8b_q4-q4-c2048-n64-g-seed42-r003,26924.936,23660.0,103817.98562453747,22790,4043896,23276.0,25570.0,30272.84,38.69539608239239,1498.2031082772573,1500,cache,deepseek_llama8b_q4,q4,2048,64,greedy,0.0,3,custom,,,,0,56
20251206T211320Z-artemisia-v0a56-cache-deepseek_llama8b_q4-q4-c2048-n256-g-seed42-r001,24793.462666666666,24029.0,6131.0922898276285,22812,228326,23494.0,26868.4,30715.019999999993,26.18546279875567,826.3337766606159,1500,cache,deepseek_llama8b_q4,q4,2048,256,greedy,0.0,1,custom,,,,0,56
20251206T211322Z-artemisia-v0a56-cache-deepseek_llama8b_q4-q4-c2048-n256-g-seed42-r002,24658.902666666665,23787.0,3621.6062334733624,23028,108838,23322.0,25554.0,32409.42,14.860493472311571,281.9191014106877,1500,cache,deepseek_llama8b_q4,q4,2048,256,greedy,0.0,2,custom,,,,0,56
20251206T211323Z-artemisia-v0a56-cache-deepseek_llama8b_q4-q4-c2048-n256-g-seed42-r003,25628.410666666667,23625.0,40408.6763855673,22946,1557258,23230.0,25516.2,30796.78,36.58380819556044,1380.6815669675382,1500,cache,deepseek_llama8b_q4,q4,2048,256,greedy,0.0,3,custom,,,,0,56
20251206T211325Z-artemisia-v0a56-btb-deepseek_llama8b_q4-q4-c512-n100-g-seed42-r001,1946.6533333333334,1920.0,316.35336274853114,1732,10438,1829.8,2060.0,2226.1,22.432525381245743,566.5877611557203,1500,btb,deepseek_llama8b_q4,q4,512,100,greedy,0.0,1,custom,,,,0,56
20251206T211326Z-artemisia-v0a56-pht-deepseek_llama8b_q4-q4-c512-n100-g-seed42-r001,3837.2626666666665,3794.0,499.7622680394411,3632,13640,3726.0,3884.0,4066.18,13.8080689662282,205.33012984373897,1500,pht,deepseek_llama8b_q4,q4,512,100,greedy,0.0,1,custom,,,,0,56
20251206T211328Z-artemisia-v0a56-btb-deepseek_llama8b_q4-q4-c512-n100-g-seed42-r002,1945.168,1906.0,397.639272586854,1672,16680,1824.0,2108.0,2290.04,34.012446730484,1259.8982105207963,1500,btb,deepseek_llama8b_q4,q4,512,100,greedy,0.0,2,custom,,,,0,56
20251206T211329Z-artemisia-v0a56-pht-deepseek_llama8b_q4-q4-c512-n100-g-seed42-r002,6477.152,3791.0,103543.58820849776,3620,4014028,3722.0,3894.0,4050.02,38.729787148607,1499.9976065837482,1500,pht,deepseek_llama8b_q4,q4,512,100,greedy,0.0,2,custom,,,,0,56
20251206T211330Z-artemisia-v0a56-btb-deepseek_llama8b_q4-q4-c512-n100-g-seed42-r003,1927.1626666666666,1900.0,243.08388412789537,1710,10098,1816.0,2056.0,2232.04,26.426022561075566,863.5220043688398,1500,btb,deepseek_llama8b_q4,q4,512,100,greedy,0.0,3,custom,,,,0,56
20251206T211331Z-artemisia-v0a56-pht-deepseek_llama8b_q4-q4-c512-n100-g-seed42-r003,3838.190666666667,3802.0,309.1777097674308,3640,10970,3732.0,3942.0,4120.02,16.083676238514233,320.0850139270345,1500,pht,deepseek_llama8b_q4,q4,512,100,greedy,0.0,3,custom,,,,0,56
20251206T211333Z-artemisia-v0a56-btb-deepseek_llama8b_q4-q4-c512-n100-s-seed42-r001,1922.7253333333333,1898.0,202.44031370249235,1658,8802,1816.0,2052.0,2226.0,26.327324449338526,890.4130023836587,1500,btb,deepseek_llama8b_q4,q4,512,100,sample,1.0,1,custom,,40,0.95,0,56
20251206T211334Z-artemisia-v0a56-pht-deepseek_llama8b_q4-q4-c512-n100-s-seed42-r001,3796.481333333333,3786.0,148.8672651278311,3642,8744,3716.0,3878.0,3980.0,25.34626731313165,822.6554458298057,1500,pht,deepseek_llama8b_q4,q4,512,100,sample,1.0,1,custom,,40,0.95,0,56
20251206T211336Z-artemisia-v0a56-btb-deepseek_llama8b_q4-q4-c512-n100-s-seed42-r002,1933.2373333333333,1912.0,265.5900520037812,1602,9144,1812.0,2062.0,2248.0,21.14120161192555,532.8432905063991,1500,btb,deepseek_llama8b_q4,q4,512,100,sample,1.0,2,custom,,40,0.95,0,56
20251206T211337Z-artemisia-v0a56-pht-deepseek_llama8b_q4-q4-c512-n100-s-seed42-r002,3830.756,3806.0,307.35148568780824,3644,11014,3726.0,3914.0,4078.18,19.682636092765033,425.5541278544268,1500,pht,deepseek_llama8b_q4,q4,512,100,sample,1.0,2,custom,,40,0.95,0,56
20251206T211339Z-artemisia-v0a56-btb-deepseek_llama8b_q4-q4-c512-n100-s-seed42-r003,1909.872,1886.0,266.7313968046524,1664,8794,1802.0,2022.0,2160.02,22.842045550398744,586.2843205080953,1500,btb,deepseek_llama8b_q4,q4,512,100,sample,1.0,3,custom,,40,0.95,0,56
20251206T211340Z-artemisia-v0a56-pht-deepseek_llama8b_q4-q4-c512-n100-s-seed42-r003,3854.248,3807.0,505.69373201217087,3626,14322,3726.0,3920.2000000000003,4314.9,15.42576146477689,261.7951798703573,1500,pht,deepseek_llama8b_q4,q4,512,100,sample,1.0,3,custom,,40,0.95,0,56
20251206T211341Z-artemisia-v0a56-pht-deepseek_llama8b_q4-q4-c512-n100-s-seed42-r001,3809.349333333333,3794.0,238.1356609755059,3618,10962,3720.0,3892.0,3994.0,24.341276454430904,672.0368780285943,1500,pht,deepseek_llama8b_q4,q4,512,100,sample,0.0,1,custom,,40,0.95,0,56
20251206T211343Z-artemisia-v0a56-pht-deepseek_llama8b_q4-q4-c512-n100-s-seed42-r002,3810.368,3796.0,302.74075248989095,3628,12692,3717.8,3888.0,3986.04,25.44389930671026,693.7677027888947,1500,pht,deepseek_llama8b_q4,q4,512,100,sample,0.0,2,custom,,40,0.95,0,56
20251206T211344Z-artemisia-v0a56-pht-deepseek_llama8b_q4-q4-c512-n100-s-seed42-r003,3843.4973333333332,3798.0,462.09200383281507,3634,10932,3726.0,3904.0,4070.04,12.321392400045676,157.8231727492112,1500,pht,deepseek_llama8b_q4,q4,512,100,sample,0.0,3,custom,,40,0.95,0,56
20251206T211346Z-artemisia-v0a56-pht-deepseek_llama8b_q4-q4-c512-n100-s-seed42-r001,3821.7826666666665,3794.0,370.3767091813748,3640,12700,3720.0,3884.2000000000003,3996.4399999999996,18.234921846172732,370.4255815596142,1500,pht,deepseek_llama8b_q4,q4,512,100,sample,0.5,1,custom,,40,0.95,0,56
20251206T211347Z-artemisia-v0a56-pht-deepseek_llama8b_q4-q4-c512-n100-s-seed42-r002,3808.7186666666666,3790.0,272.46054151505547,3634,11970,3722.0,3878.0,4006.08,24.699758482667225,679.617236067358,1500,pht,deepseek_llama8b_q4,q4,512,100,sample,0.5,2,custom,,40,0.95,0,56
20251206T211348Z-artemisia-v0a56-pht-deepseek_llama8b_q4-q4-c512-n100-s-seed42-r003,3837.316,3818.0,282.6294507211575,3646,10390,3740.0,3916.0,4020.04,20.091895695635035,437.019860223109,1500,pht,deepseek_llama8b_q4,q4,512,100,sample,0.5,3,custom,,40,0.95,0,56
20251206T211350Z-artemisia-v0a56-pht-deepseek_llama8b_q4-q4-c512-n100-s-seed42-r001,3815.912,3794.0,333.1035738574584,3632,10664,3722.0,3878.2000000000003,4024.02,17.65041902744089,329.32070122071605,1500,pht,deepseek_llama8b_q4,q4,512,100,sample,1.3,1,custom,,40,0.95,0,56
20251206T211351Z-artemisia-v0a56-pht-deepseek_llama8b_q4-q4-c512-n100-s-seed42-r002,3856.4266666666667,3836.0,436.43752714329605,3634,17478,3756.0,3928.0,4018.02,27.399352827157,788.6838399616446,1500,pht,deepseek_llama8b_q4,q4,512,100,sample,1.3,2,custom,,40,0.95,0,56
20251206T211353Z-artemisia-v0a56-pht-deepseek_llama8b_q4-q4-c512-n100-s-seed42-r003,3799.4973333333332,3788.0,163.72356864801966,3626,9496,3716.0,3886.0,3996.0,28.25864919768773,979.0829149001648,1500,pht,deepseek_llama8b_q4,q4,512,100,sample,1.3,3,custom,,40,0.95,0,56
20251206T211354Z-artemisia-v0a56-pht-deepseek_llama8b_q4-q4-c512-n800-s-seed42-r001,3839.286051282051,3820.0,354.826468979794,3604,37028,3748.0,3906.0,4036.0,50.9130311398282,4087.2776849073357,19500,pht,deepseek_llama8b_q4,q4,512,800,sample,0.9,1,math,Derive ∫₀∞ x⁴ e^(−x²/3) dx and generalize to ∫₀∞ xⁿ e^(−a x²) dx using gamma functions with full symbolic steps.,40,,0,56
20251206T211357Z-artemisia-v0a56-btb-deepseek_llama8b_q4-q4-c512-n800-s-seed42-r001,1926.3866666666668,1901.0,496.4758786627199,1632,63252,1816.0,2048.0,2220.0,101.4495903261789,12105.801999053467,19500,btb,deepseek_llama8b_q4,q4,512,800,sample,0.9,1,math,Derive ∫₀∞ x⁴ e^(−x²/3) dx and generalize to ∫₀∞ xⁿ e^(−a x²) dx using gamma functions with full symbolic steps.,40,,0,56
20251206T211359Z-artemisia-v0a56-pht-deepseek_llama8b_q4-q4-c512-n800-s-seed42-r002,3934.438153846154,3796.0,14425.109267246065,3602,2016736,3722.0,3902.0,4372.219999999965,139.34323578676805,19443.830481545516,19500,pht,deepseek_llama8b_q4,q4,512,800,sample,0.9,2,math,Derive ∫₀∞ x⁴ e^(−x²/3) dx and generalize to ∫₀∞ xⁿ e^(−a x²) dx using gamma functions with full symbolic steps.,40,,0,56
20251206T211402Z-artemisia-v0a56-btb-deepseek_llama8b_q4-q4-c512-n800-s-seed42-r002,2025.1676923076923,1886.0,14403.559465740553,1354,2012602,1788.0,2070.0,2254.0,139.50435980987754,19474.118647804597,19500,btb,deepseek_llama8b_q4,q4,512,800,sample,0.9,2,math,Derive ∫₀∞ x⁴ e^(−x²/3) dx and generalize to ∫₀∞ xⁿ e^(−a x²) dx using gamma functions with full symbolic steps.,40,,0,56
20251206T211404Z-artemisia-v0a56-pht-deepseek_llama8b_q4-q4-c512-n800-s-seed42-r003,4294.214461538461,3800.0,31030.71938081501,3598,4015948,3722.0,3900.0,4040.019999999997,113.65978971434228,14391.320103814807,19500,pht,deepseek_llama8b_q4,q4,512,800,sample,0.9,3,math,Derive ∫₀∞ x⁴ e^(−x²/3) dx and generalize to ∫₀∞ xⁿ e^(−a x²) dx using gamma functions with full symbolic steps.,40,,0,56
20251206T211407Z-artemisia-v0a56-btb-deepseek_llama8b_q4-q4-c512-n800-s-seed42-r003,1928.8035897435898,1900.0,300.20701097043485,1604,22690,1806.0,2072.0,2228.0,44.608675109505384,2643.4349083730244,19500,btb,deepseek_llama8b_q4,q4,512,800,sample,0.9,3,math,Derive ∫₀∞ x⁴ e^(−x²/3) dx and generalize to ∫₀∞ xⁿ e^(−a x²) dx using gamma functions with full symbolic steps.,40,,0,56
20251206T211409Z-artemisia-v0a56-pht-deepseek_llama8b_q4-q4-c512-n800-s-seed42-r004,4056.8629743589745,3830.0,28740.391415760292,3620,4016524,3752.0,3924.0,4028.0,139.56942691404575,19486.31390993375,19500,pht,deepseek_llama8b_q4,q4,512,800,sample,0.9,4,math,Derive ∫₀∞ x⁴ e^(−x²/3) dx and generalize to ∫₀∞ xⁿ e^(−a x²) dx using gamma functions with full symbolic steps.,40,,0,56
20251206T211412Z-artemisia-v0a56-btb-deepseek_llama8b_q4-q4-c512-n800-s-seed42-r004,1930.3477948717948,1898.0,481.6997818055736,1616,50698,1800.0,2072.0,2238.0,74.51136346950454,6804.695239661968,19500,btb,deepseek_llama8b_q4,q4,512,800,sample,0.9,4,math,Derive ∫₀∞ x⁴ e^(−x²/3) dx and generalize to ∫₀∞ xⁿ e^(−a x²) dx using gamma functions with full symbolic steps.,40,,0,56
20251206T211414Z-artemisia-v0a56-pht-deepseek_llama8b_q4-q4-c512-n800-s-seed42-r005,3826.556923076923,3796.0,427.28210112165874,3600,39044,3710.0,3924.0,4168.0,42.631252211768846,2780.5644705204295,19500,pht,deepseek_llama8b_q4,q4,512,800,sample,0.9,5,math,Derive ∫₀∞ x⁴ e^(−x²/3) dx and generalize to ∫₀∞ xⁿ e^(−a x²) dx using gamma functions with full symbolic steps.,40,,0,56
20251206T211417Z-artemisia-v0a56-btb-deepseek_llama8b_q4-q4-c512-n800-s-seed42-r005,2023.4943589743589,1888.0,14410.28548241928,1644,2013994,1788.0,2074.0,2280.0,139.59808139303843,19491.737319672262,19500,btb,deepseek_llama8b_q4,q4,512,800,sample,0.9,5,math,Derive ∫₀∞ x⁴ e^(−x²/3) dx and generalize to ∫₀∞ xⁿ e^(−a x²) dx using gamma functions with full symbolic steps.,40,,0,56
20251206T211420Z-artemisia-v0a56-pht-deepseek_llama8b_q4-q4-c512-n800-s-seed42-r006,4292.952717948718,3798.0,40933.96289805104,3608,4015716,3724.0,3894.0,4056.019999999997,96.61958558451374,9451.724951247012,19500,pht,deepseek_llama8b_q4,q4,512,800,sample,0.9,6,math,Derive ∫₀∞ x⁴ e^(−x²/3) dx and generalize to ∫₀∞ xⁿ e^(−a x²) dx using gamma functions with full symbolic steps.,40,,0,56
20251206T211422Z-artemisia-v0a56-btb-deepseek_llama8b_q4-q4-c512-n800-s-seed42-r006,1928.0034871794871,1894.0,337.4240699974376,1618,36292,1796.0,2076.0,2262.0,61.28178047028497,5666.161033624449,19500,btb,deepseek_llama8b_q4,q4,512,800,sample,0.9,6,math,Derive ∫₀∞ x⁴ e^(−x²/3) dx and generalize to ∫₀∞ xⁿ e^(−a x²) dx using gamma functions with full symbolic steps.,40,,0,56
20251206T211425Z-artemisia-v0a56-pht-deepseek_llama8b_q4-q4-c512-n800-s-seed42-r007,3904.673846153846,3778.0,14405.98540315633,3598,2014506,3714.0,3858.0,4008.0,139.43938302902794,19461.95135213649,19500,pht,deepseek_llama8b_q4,q4,512,800,sample,0.9,7,math,Derive ∫₀∞ x⁴ e^(−x²/3) dx and generalize to ∫₀∞ xⁿ e^(−a x²) dx using gamma functions with full symbolic steps.,40,,0,56
20251206T211427Z-artemisia-v0a56-btb-deepseek_llama8b_q4-q4-c512-n800-s-seed42-r007,1922.5478974358975,1885.0,221.74716279721696,1626,12568,1786.0,2082.0,2248.0,22.11408991970533,733.1391893274849,19500,btb,deepseek_llama8b_q4,q4,512,800,sample,0.9,7,math,Derive ∫₀∞ x⁴ e^(−x²/3) dx and generalize to ∫₀∞ xⁿ e^(−a x²) dx using gamma functions with full symbolic steps.,40,,0,56
20251206T211430Z-artemisia-v0a56-pht-deepseek_llama8b_q4-q4-c512-n800-s-seed42-r008,3802.1928205128206,3778.0,582.2027696408088,3582,61674,3714.0,3856.0,3960.0,64.68204971273887,5586.432998437579,19500,pht,deepseek_llama8b_q4,q4,512,800,sample,0.9,8,math,Derive ∫₀∞ x⁴ e^(−x²/3) dx and generalize to ∫₀∞ xⁿ e^(−a x²) dx using gamma functions with full symbolic steps.,40,,0,56
20251206T211432Z-artemisia-v0a56-btb-deepseek_llama8b_q4-q4-c512-n800-s-seed42-r008,1967.7758974358974,1934.0,609.431904608526,1356,81014,1836.0,2116.0,2330.0,113.10420001690659,14530.993904965513,19500,btb,deepseek_llama8b_q4,q4,512,800,sample,0.9,8,math,Derive ∫₀∞ x⁴ e^(−x²/3) dx and generalize to ∫₀∞ xⁿ e^(−a x²) dx using gamma functions with full symbolic steps.,40,,0,56
20251206T211434Z-artemisia-v0a56-pht-deepseek_llama8b_q4-q4-c512-n800-s-seed42-r009,4278.206358974359,3832.0,35232.880148777396,3626,4018048,3756.0,3926.0,4798.0,94.90324940643413,9726.285222870782,19500,pht,deepseek_llama8b_q4,q4,512,800,sample,0.9,9,math,Derive ∫₀∞ x⁴ e^(−x²/3) dx and generalize to ∫₀∞ xⁿ e^(−a x²) dx using gamma functions with full symbolic steps.,40,,0,56
20251206T211437Z-artemisia-v0a56-btb-deepseek_llama8b_q4-q4-c512-n800-s-seed42-r009,2135.270564102564,1894.0,29197.66811001429,1594,4079038,1798.0,2078.0,2294.0,139.63001280199686,19497.69164012425,19500,btb,deepseek_llama8b_q4,q4,512,800,sample,0.9,9,math,Derive ∫₀∞ x⁴ e^(−x²/3) dx and generalize to ∫₀∞ xⁿ e^(−a x²) dx using gamma functions with full symbolic steps.,40,,0,56
20251206T211440Z-artemisia-v0a56-pht-deepseek_llama8b_q4-q4-c512-n800-s-seed42-r010,3906.620923076923,3782.0,14422.449369343129,3614,2016920,3718.0,3860.0,3964.0,139.46281798688838,19466.369230047327,19500,pht,deepseek_llama8b_q4,q4,512,800,sample,0.9,10,math,Derive ∫₀∞ x⁴ e^(−x²/3) dx and generalize to ∫₀∞ xⁿ e^(−a x²) dx using gamma functions with full symbolic steps.,40,,0,56
20251206T211442Z-artemisia-v0a56-btb-deepseek_llama8b_q4-q4-c512-n800-s-seed42-r010,1942.7984615384617,1908.0,605.9987153408085,1628,76842,1810.0,2078.0,2258.0,99.36885714678984,12009.670728977117,19500,btb,deepseek_llama8b_q4,q4,512,800,sample,0.9,10,math,Derive ∫₀∞ x⁴ e^(−x²/3) dx and generalize to ∫₀∞ xⁿ e^(−a x²) dx using gamma functions with full symbolic steps.,40,,0,56
20251206T211445Z-artemisia-v0a56-pht-deepseek_llama8b_q4-q4-c512-n800-s-seed42-r001,3829.503897435897,3776.0,2901.312166951752,3582,379726,3710.0,3864.0,4030.019999999997,116.50899773654352,14660.99646383621,19500,pht,deepseek_llama8b_q4,q4,512,800,sample,0.9,1,nl,Write a detailed vivid emotional 200-word story about an explorer in a distorted time forest.,40,,0,56
20251206T211447Z-artemisia-v0a56-btb-deepseek_llama8b_q4-q4-c512-n800-s-seed42-r001,1924.8821538461539,1900.0,284.4179952820961,1626,25748,1814.0,2046.0,2234.0,42.39659465694761,2822.3531499713936,19500,btb,deepseek_llama8b_q4,q4,512,800,sample,0.9,1,nl,Write a detailed vivid emotional 200-word story about an explorer in a distorted time forest.,40,,0,56
20251206T211450Z-artemisia-v0a56-pht-deepseek_llama8b_q4-q4-c512-n800-s-seed42-r002,4032.1516923076924,3800.0,28741.77232379024,3602,4016900,3724.0,3910.0,4088.0,139.59078266135782,19490.352791160287,19500,pht,deepseek_llama8b_q4,q4,512,800,sample,0.9,2,nl,Write a detailed vivid emotional 200-word story about an explorer in a distorted time forest.,40,,0,56
20251206T211453Z-artemisia-v0a56-btb-deepseek_llama8b_q4-q4-c512-n800-s-seed42-r002,1927.5552820512821,1900.0,561.5531906396152,1382,72304,1814.0,2046.0,2222.0,103.06606715654348,12680.197191882136,19500,btb,deepseek_llama8b_q4,q4,512,800,sample,0.9,2,nl,Write a detailed vivid emotional 200-word story about an explorer in a distorted time forest.,40,,0,56
20251206T211455Z-artemisia-v0a56-pht-deepseek_llama8b_q4-q4-c512-n800-s-seed42-r003,3966.0589743589744,3782.0,8325.349539775667,3608,729300,3716.0,3868.0,4016.0,62.68388851277215,4353.708566772075,19500,pht,deepseek_llama8b_q4,q4,512,800,sample,0.9,3,nl,Write a detailed vivid emotional 200-word story about an explorer in a distorted time forest.,40,,0,56
20251206T211457Z-artemisia-v0a56-btb-deepseek_llama8b_q4-q4-c512-n800-s-seed42-r003,1930.3228717948718,1896.0,308.90397785011766,1622,34464,1798.0,2082.0,2302.019999999997,65.97638039994794,6443.792107474099,19500,btb,deepseek_llama8b_q4,q4,512,800,sample,0.9,3,nl,Write a detailed vivid emotional 200-word story about an explorer in a distorted time forest.,40,,0,56
20251206T211500Z-artemisia-v0a56-pht-deepseek_llama8b_q4-q4-c512-n800-s-seed42-r004,4008.438153846154,3780.0,20413.9987265858,3582,2019634,3712.0,3864.0,3980.0,98.67430672743835,9739.528570117865,19500,pht,deepseek_llama8b_q4,q4,512,800,sample,0.9,4,nl,Write a detailed vivid emotional 200-word story about an explorer in a distorted time forest.,40,,0,56
20251206T211502Z-artemisia-v0a56-btb-deepseek_llama8b_q4-q4-c512-n800-s-seed42-r004,2107.6911794871794,1898.0,22856.92911345896,1564,3181972,1802.0,2076.0,2272.0,138.1895297366538,19214.958493627993,19500,btb,deepseek_llama8b_q4,q4,512,800,sample,0.9,4,nl,Write a detailed vivid emotional 200-word story about an explorer in a distorted time forest.,40,,0,56
20251206T211505Z-artemisia-v0a56-pht-deepseek_llama8b_q4-q4-c512-n800-s-seed42-r005,4031.18041025641,3800.0,28724.0539224899,3584,4014374,3722.0,3908.0,4082.0,139.5854352165753,19489.35689506926,19500,pht,deepseek_llama8b_q4,q4,512,800,sample,0.9,5,nl,Write a detailed vivid emotional 200-word story about an explorer in a distorted time forest.,40,,0,56
20251206T211508Z-artemisia-v0a56-btb-deepseek_llama8b_q4-q4-c512-n800-s-seed42-r005,1923.4307692307693,1888.0,446.82941402064637,1372,58598,1792.0,2076.0,2238.019999999997,106.2145451023361,13298.077827510026,19500,btb,deepseek_llama8b_q4,q4,512,800,sample,0.9,5,nl,Write a detailed vivid emotional 200-word story about an explorer in a distorted time forest.,40,,0,56
20251206T211510Z-artemisia-v0a56-pht-deepseek_llama8b_q4-q4-c512-n800-s-seed42-r006,3821.4004102564104,3796.0,481.9584372723946,3594,39980,3720.0,3896.0,4036.0,48.54354200488389,3087.5676293390643,19500,pht,deepseek_llama8b_q4,q4,512,800,sample,0.9,6,nl,Write a detailed vivid emotional 200-word story about an explorer in a distorted time forest.,40,,0,56
20251206T211513Z-artemisia-v0a56-btb-deepseek_llama8b_q4-q4-c512-n800-s-seed42-r006,2328.888512820513,1888.0,45416.46273244345,1616,6015384,1790.0,2064.0,2226.0,123.510936346011,15958.882167227395,19500,btb,deepseek_llama8b_q4,q4,512,800,sample,0.9,6,nl,Write a detailed vivid emotional 200-word story about an explorer in a distorted time forest.,40,,0,56
20251206T211515Z-artemisia-v0a56-pht-deepseek_llama8b_q4-q4-c512-n800-s-seed42-r007,3972.8111794871793,3812.0,15310.342433776468,3536,2021024,3730.0,3912.0,4018.0,122.2970837913559,15682.336353013747,19500,pht,deepseek_llama8b_q4,q4,512,800,sample,0.9,7,nl,Write a detailed vivid emotional 200-word story about an explorer in a distorted time forest.,40,,0,56
20251206T211518Z-artemisia-v0a56-btb-deepseek_llama8b_q4-q4-c512-n800-s-seed42-r007,2028.2154871794871,1898.0,14423.958065913113,1612,2015866,1816.0,2054.0,2220.0,139.58944666532088,19490.122990997694,19500,btb,deepseek_llama8b_q4,q4,512,800,sample,0.9,7,nl,Write a detailed vivid emotional 200-word story about an explorer in a distorted time forest.,40,,0,56
20251206T211520Z-artemisia-v0a56-pht-deepseek_llama8b_q4-q4-c512-n800-s-seed42-r008,4019.620512820513,3794.0,28741.12077297836,3536,4017070,3724.0,3886.0,4032.0,139.61915793865626,19495.66758260301,19500,pht,deepseek_llama8b_q4,q4,512,800,sample,0.9,8,nl,Write a detailed vivid emotional 200-word story about an explorer in a distorted time forest.,40,,0,56
20251206T211523Z-artemisia-v0a56-btb-deepseek_llama8b_q4-q4-c512-n800-s-seed42-r008,1934.2570256410256,1902.0,629.351411639521,1612,77244,1812.0,2066.0,2240.0,95.41681035596598,10844.341391130525,19500,btb,deepseek_llama8b_q4,q4,512,800,sample,0.9,8,nl,Write a detailed vivid emotional 200-word story about an explorer in a distorted time forest.,40,,0,56
20251206T211525Z-artemisia-v0a56-pht-deepseek_llama8b_q4-q4-c512-n800-s-seed42-r009,4582.010256410256,3994.0,47556.12761382191,3650,4885418,3810.0,4108.0,4216.0,90.10893739949084,8447.937531732305,19500,pht,deepseek_llama8b_q4,q4,512,800,sample,0.9,9,nl,Write a detailed vivid emotional 200-word story about an explorer in a distorted time forest.,40,,0,56
20251206T211528Z-artemisia-v0a56-btb-deepseek_llama8b_q4-q4-c512-n800-s-seed42-r009,2151.05158974359,1896.0,28833.65502144486,1610,4011556,1808.0,2066.0,2272.0,138.0068845174771,19178.03528991665,19500,btb,deepseek_llama8b_q4,q4,512,800,sample,0.9,9,nl,Write a detailed vivid emotional 200-word story about an explorer in a distorted time forest.,40,,0,56
20251206T211530Z-artemisia-v0a56-pht-deepseek_llama8b_q4-q4-c512-n800-s-seed42-r010,4046.0731282051283,3812.0,28765.16941301658,3622,4019848,3734.0,3908.0,4116.079999999987,139.55644613019047,19483.897391854593,19500,pht,deepseek_llama8b_q4,q4,512,800,sample,0.9,10,nl,Write a detailed vivid emotional 200-word story about an explorer in a distorted time forest.,40,,0,56
20251206T211533Z-artemisia-v0a56-btb-deepseek_llama8b_q4-q4-c512-n800-s-seed42-r010,2145.958153846154,1908.0,28748.488323305144,1628,4016318,1816.0,2090.0,2258.0,139.6288450264143,19497.473683667904,19500,btb,deepseek_llama8b_q4,q4,512,800,sample,0.9,10,nl,Write a detailed vivid emotional 200-word story about an explorer in a distorted time forest.,40,,0,56
20251206T211535Z-artemisia-v0a56-pht-deepseek_llama8b_q4-q4-c512-n800-s-seed42-r001,3799.8504615384613,3784.0,305.71597696977784,3598,21342,3716.0,3866.0,3956.0,29.76196270867319,1176.1940846307505,19500,pht,deepseek_llama8b_q4,q4,512,800,sample,0.9,1,code,"Write a full multi-threaded C++ task scheduler using work-stealing deques, condition variables, and error handling.",40,,0,56
20251206T211538Z-artemisia-v0a56-btb-deepseek_llama8b_q4-q4-c512-n800-s-seed42-r001,1922.2268717948718,1884.0,241.96098492847855,1672,20504,1786.0,2084.0,2268.0,34.41343927104728,2066.993285938201,19500,btb,deepseek_llama8b_q4,q4,512,800,sample,0.9,1,code,"Write a full multi-threaded C++ task scheduler using work-stealing deques, condition variables, and error handling.",40,,0,56
20251206T211540Z-artemisia-v0a56-pht-deepseek_llama8b_q4-q4-c512-n800-s-seed42-r002,3799.2901538461538,3780.0,375.0489636433926,3608,32674,3716.0,3860.0,3952.0,39.10040098084951,2283.0531742360376,19500,pht,deepseek_llama8b_q4,q4,512,800,sample,0.9,2,code,"Write a full multi-threaded C++ task scheduler using work-stealing deques, condition variables, and error handling.",40,,0,56
20251206T211543Z-artemisia-v0a56-btb-deepseek_llama8b_q4-q4-c512-n800-s-seed42-r002,1936.0490256410255,1902.0,349.9190737570014,1628,26110,1808.0,2076.0,2256.0,38.749198513133145,2134.3515135758644,19500,btb,deepseek_llama8b_q4,q4,512,800,sample,0.9,2,code,"Write a full multi-threaded C++ task scheduler using work-stealing deques, condition variables, and error handling.",40,,0,56
20251206T211545Z-artemisia-v0a56-pht-deepseek_llama8b_q4-q4-c512-n800-s-seed42-r003,4116.320512820513,3780.0,32148.768100671085,3602,4013862,3714.0,3860.0,3980.0,112.05201061592274,13194.86783395266,19500,pht,deepseek_llama8b_q4,q4,512,800,sample,0.9,3,code,"Write a full multi-threaded C++ task scheduler using work-stealing deques, condition variables, and error handling.",40,,0,56
20251206T211548Z-artemisia-v0a56-btb-deepseek_llama8b_q4-q4-c512-n800-s-seed42-r003,2544.3993846153844,1900.0,49755.80442990623,1644,4014164,1796.0,2076.0,2250.0,80.60775528555975,6496.406376580302,19500,btb,deepseek_llama8b_q4,q4,512,800,sample,0.9,3,code,"Write a full multi-threaded C++ task scheduler using work-stealing deques, condition variables, and error handling.",40,,0,56
20251206T211550Z-artemisia-v0a56-pht-deepseek_llama8b_q4-q4-c512-n800-s-seed42-r004,3843.162564102564,3812.0,623.4268500962953,3606,54700,3734.0,3914.0,4090.0,53.405083965485325,3661.735884407307,19500,pht,deepseek_llama8b_q4,q4,512,800,sample,0.9,4,code,"Write a full multi-threaded C++ task scheduler using work-stealing deques, condition variables, and error handling.",40,,0,56
20251206T211553Z-artemisia-v0a56-btb-deepseek_llama8b_q4-q4-c512-n800-s-seed42-r004,1938.810358974359,1900.0,790.0216915224073,1670,107720,1800.0,2090.0,2296.019999999997,123.60497765309404,16490.315999428978,19500,btb,deepseek_llama8b_q4,q4,512,800,sample,0.9,4,code,"Write a full multi-threaded C++ task scheduler using work-stealing deques, condition variables, and error handling.",40,,0,56
20251206T211555Z-artemisia-v0a56-pht-deepseek_llama8b_q4-q4-c512-n800-s-seed42-r005,4109.2971282051285,3780.0,43038.474330200545,3610,6013224,3714.0,3860.0,3962.0,139.6027251309017,19492.563901275535,19500,pht,deepseek_llama8b_q4,q4,512,800,sample,0.9,5,code,"Write a full multi-threaded C++ task scheduler using work-stealing deques, condition variables, and error handling.",40,,0,56
20251206T211558Z-artemisia-v0a56-btb-deepseek_llama8b_q4-q4-c512-n800-s-seed42-r005,1930.2589743589745,1902.0,634.8271561936441,1622,82338,1818.0,2048.0,2212.0,106.9229989905506,13262.985996584792,19500,btb,deepseek_llama8b_q4,q4,512,800,sample,0.9,5,code,"Write a full multi-threaded C++ task scheduler using work-stealing deques, condition variables, and error handling.",40,,0,56
20251206T211600Z-artemisia-v0a56-pht-deepseek_llama8b_q4-q4-c512-n800-s-seed42-r006,3810.492717948718,3786.0,693.6523428161205,3576,92358,3716.0,3878.0,4038.0,108.14172931610685,13633.635678626584,19500,pht,deepseek_llama8b_q4,q4,512,800,sample,0.9,6,code,"Write a full multi-threaded C++ task scheduler using work-stealing deques, condition variables, and error handling.",40,,0,56
20251206T211603Z-artemisia-v0a56-btb-deepseek_llama8b_q4-q4-c512-n800-s-seed42-r006,1934.689641025641,1894.0,1421.1599687897487,1666,197452,1796.0,2072.0,2262.0,133.73364839203836,18376.602846233127,19500,btb,deepseek_llama8b_q4,q4,512,800,sample,0.9,6,code,"Write a full multi-threaded C++ task scheduler using work-stealing deques, condition variables, and error handling.",40,,0,56
20251206T211605Z-artemisia-v0a56-pht-deepseek_llama8b_q4-q4-c512-n800-s-seed42-r007,4223.781128205128,3832.0,31170.232329406586,3562,3131372,3748.0,3938.0,4118.0,96.68474305399238,9470.377134590099,19500,pht,deepseek_llama8b_q4,q4,512,800,sample,0.9,7,code,"Write a full multi-threaded C++ task scheduler using work-stealing deques, condition variables, and error handling.",40,,0,56
20251206T211608Z-artemisia-v0a56-btb-deepseek_llama8b_q4-q4-c512-n800-s-seed42-r007,1927.1634871794872,1892.0,255.15844254448402,1398,21998,1796.0,2076.0,2244.019999999997,36.150041952653986,2226.019841776872,19500,btb,deepseek_llama8b_q4,q4,512,800,sample,0.9,7,code,"Write a full multi-threaded C++ task scheduler using work-stealing deques, condition variables, and error handling.",40,,0,56
20251206T211610Z-artemisia-v0a56-pht-deepseek_llama8b_q4-q4-c512-n800-s-seed42-r008,3986.1433846153845,3830.0,14534.926332563751,3630,2016964,3748.0,3928.0,4046.0,136.4114062240998,18871.379382704854,19500,pht,deepseek_llama8b_q4,q4,512,800,sample,0.9,8,code,"Write a full multi-threaded C++ task scheduler using work-stealing deques, condition variables, and error handling.",40,,0,56
20251206T211613Z-artemisia-v0a56-btb-deepseek_llama8b_q4-q4-c512-n800-s-seed42-r008,2132.0731282051283,1898.0,28745.704301889506,1610,4015882,1808.0,2058.0,2248.0,139.62537152996416,19496.825006573123,19500,btb,deepseek_llama8b_q4,q4,512,800,sample,0.9,8,code,"Write a full multi-threaded C++ task scheduler using work-stealing deques, condition variables, and error handling.",40,,0,56
20251206T211615Z-artemisia-v0a56-pht-deepseek_llama8b_q4-q4-c512-n800-s-seed42-r009,3885.058153846154,3816.0,2891.773141454692,3612,256214,3736.0,3918.0,4066.019999999997,70.36242145180137,5368.466504989143,19500,pht,deepseek_llama8b_q4,q4,512,800,sample,0.9,9,code,"Write a full multi-threaded C++ task scheduler using work-stealing deques, condition variables, and error handling.",40,,0,56
20251206T211618Z-artemisia-v0a56-btb-deepseek_llama8b_q4-q4-c512-n800-s-seed42-r009,1951.7107692307693,1896.0,3754.638186786399,1354,525030,1808.0,2062.0,2218.019999999997,138.69355270822885,19321.85483962718,19500,btb,deepseek_llama8b_q4,q4,512,800,sample,0.9,9,code,"Write a full multi-threaded C++ task scheduler using work-stealing deques, condition variables, and error handling.",40,,0,56
20251206T211620Z-artemisia-v0a56-pht-deepseek_llama8b_q4-q4-c512-n800-s-seed42-r010,3963.8236923076925,3828.0,14452.332049588595,3594,2019998,3734.0,3940.0,4172.019999999997,139.2273934676261,19422.015101637782,19500,pht,deepseek_llama8b_q4,q4,512,800,sample,0.9,10,code,"Write a full multi-threaded C++ task scheduler using work-stealing deques, condition variables, and error handling.",40,,0,56
20251206T211623Z-artemisia-v0a56-btb-deepseek_llama8b_q4-q4-c512-n800-s-seed42-r010,1932.2682051282052,1884.0,1176.4720509015501,1664,157320,1788.0,2074.0,2258.0,120.07021421256081,15657.207660623964,19500,btb,deepseek_llama8b_q4,q4,512,800,sample,0.9,10,code,"Write a full multi-threaded C++ task scheduler using work-stealing deques, condition variables, and error handling.",40,,0,56
